{
  "SAC": {
    "algorithm": "SAC",
    "mean_return": -22.626279830932617,
    "std_return": 16.637863159179688,
    "mean_error": 0.007489371113479137,
    "success_rate": 1.0,
    "returns": [
      -40.528892517089844,
      -29.459762573242188,
      -31.36319351196289,
      -46.14144515991211,
      -32.0322265625,
      -11.769402503967285,
      -15.229690551757812,
      -30.001291275024414,
      -35.77577590942383,
      -11.756062507629395,
      -16.9567813873291,
      -9.276691436767578,
      -46.84214782714844,
      -6.930073261260986,
      -45.292633056640625,
      -23.36959457397461,
      -52.15827941894531,
      -5.2895283699035645,
      -53.85358428955078,
      -11.802063941955566,
      -15.064386367797852,
      -1.9597703218460083,
      -22.696041107177734,
      -13.671008110046387,
      -12.424368858337402,
      -12.366250991821289,
      -5.474896430969238,
      -1.7367607355117798,
      -25.395753860473633,
      -33.81147003173828,
      -6.715162754058838,
      -4.542617321014404,
      -25.919519424438477,
      -12.496450424194336,
      -5.16580867767334,
      -41.69721221923828,
      -18.627849578857422,
      -35.04182815551758,
      -13.742816925048828,
      -62.665321350097656,
      -5.294499397277832,
      -4.975798606872559,
      -34.33021545410156,
      -27.293848037719727,
      -67.56771087646484,
      -15.436832427978516,
      -3.7775087356567383,
      -5.344623565673828,
      -25.38453483581543,
      -14.863962173461914
    ],
    "final_errors": [
      0.01766982488334179,
      0.010866284370422363,
      2.9351883767958498e-06,
      0.017011607065796852,
      0.01207253709435463,
      0.03079994209110737,
      0.0011292073177173734,
      0.017220528796315193,
      1.5266238051481196e-06,
      5.401794169301866e-06,
      7.214993729576236e-06,
      1.2849822041971493e-06,
      0.001069200923666358,
      0.024474352598190308,
      0.017242778092622757,
      2.7628122552414425e-05,
      0.0108605632558465,
      8.978367077361327e-06,
      0.006083071231842041,
      1.0848209512914764e-06,
      0.006857663858681917,
      0.0013759657740592957,
      2.932766619778704e-06,
      0.016542717814445496,
      2.381949570917641e-06,
      0.006077141501009464,
      1.8515854662837228e-06,
      0.007627695798873901,
      7.679778354940936e-05,
      0.0022331492509692907,
      0.0075601935386657715,
      0.0032536392100155354,
      8.42536519485293e-06,
      2.1280116015987005e-06,
      0.009003907442092896,
      0.014025038108229637,
      0.004143208265304565,
      0.020109355449676514,
      0.05832299590110779,
      4.196209192741662e-05,
      0.004866124130785465,
      1.3884142390452325e-05,
      0.02275923080742359,
      0.009582466445863247,
      1.074591727956431e-05,
      0.0101240873336792,
      1.2201676327094901e-06,
      0.001189414062537253,
      3.280422106399783e-06,
      0.00209301570430398
    ]
  },
  "PPO": {
    "algorithm": "PPO",
    "mean_return": -21.292556762695312,
    "std_return": 27.165271759033203,
    "mean_error": 0.00937228836119175,
    "success_rate": 0.98,
    "returns": [
      -41.93843460083008,
      -10.095818519592285,
      -5.8340911865234375,
      -7.471332550048828,
      -19.135692596435547,
      -2.28212571144104,
      -41.26375961303711,
      -22.7900447845459,
      -55.43492126464844,
      -68.07876586914062,
      -15.878687858581543,
      -30.17353057861328,
      -40.87202453613281,
      -11.990754127502441,
      -17.76968002319336,
      -17.591493606567383,
      -10.344043731689453,
      -3.6180005073547363,
      -21.544780731201172,
      -5.971344470977783,
      -0.49846816062927246,
      -2.841259479522705,
      -13.515278816223145,
      -0.16491276025772095,
      -2.479487419128418,
      -29.271207809448242,
      -11.361656188964844,
      -14.64956283569336,
      -0.901023805141449,
      -1.8700125217437744,
      -14.513526916503906,
      -63.287078857421875,
      -1.781510591506958,
      -36.90797805786133,
      -49.4712028503418,
      -4.816634178161621,
      -16.07587432861328,
      -8.45618724822998,
      -67.26451873779297,
      -2.8919239044189453,
      -12.038790702819824,
      -19.151887893676758,
      -24.402780532836914,
      -5.356199264526367,
      -18.663532257080078,
      -1.4042737483978271,
      -17.009349822998047,
      -6.4174604415893555,
      -164.1660919189453,
      -2.9188621044158936
    ],
    "final_errors": [
      0.05490696430206299,
      0.005020056385546923,
      2.007265266001923e-06,
      2.317741291335551e-06,
      3.035743702639593e-06,
      1.8630623799253954e-06,
      6.446677161875414e-06,
      0.028228582814335823,
      6.866961939522298e-06,
      7.0305695771821775e-06,
      0.0006846560281701386,
      4.072306182933971e-06,
      3.6039868973603006e-06,
      1.5747361885587452e-06,
      1.228781229656306e-06,
      3.210084969396121e-06,
      1.1920928955078125e-06,
      0.009803101420402527,
      3.5247467167209834e-06,
      1.9632386738521745e-06,
      5.972510916762985e-05,
      7.935480539345008e-07,
      8.73533463163767e-06,
      3.9452916666959936e-07,
      1.3806711649522185e-06,
      3.1291019695345312e-06,
      2.7983353447780246e-06,
      3.271017021688749e-06,
      1.0264509455737425e-06,
      1.3514950296666939e-06,
      3.0931307719583856e-06,
      1.0827065125340596e-05,
      6.22290770024847e-07,
      1.0338452739233617e-05,
      1.1988685400865506e-05,
      1.8912737687060144e-06,
      6.508925594062021e-07,
      2.1589721654891036e-06,
      0.026271946728229523,
      1.3202462696426664e-06,
      2.647253268150962e-06,
      3.3203853035956854e-06,
      4.136087227379903e-06,
      7.771494665576029e-07,
      2.248644022984081e-06,
      5.127385520609096e-07,
      5.202532975090435e-06,
      1.0848209512914764e-06,
      0.3435022234916687,
      1.4934093996998854e-06
    ]
  },
  "TD3": {
    "algorithm": "TD3",
    "mean_return": -25.567216873168945,
    "std_return": 20.58024787902832,
    "mean_error": 0.013073589652776718,
    "success_rate": 1.0,
    "returns": [
      -33.62921142578125,
      -4.1657304763793945,
      -2.7905449867248535,
      -13.180506706237793,
      -23.972190856933594,
      -36.775691986083984,
      -3.9675817489624023,
      -17.15634536743164,
      -6.427445411682129,
      -1.0315402746200562,
      -16.976110458374023,
      -67.19400787353516,
      -41.379878997802734,
      -17.551013946533203,
      -21.404739379882812,
      -6.716774940490723,
      -19.966150283813477,
      -31.602523803710938,
      -6.332577228546143,
      -63.83518981933594,
      -7.2903289794921875,
      -40.28413009643555,
      -90.7679214477539,
      -30.666194915771484,
      -17.875356674194336,
      -53.104881286621094,
      -19.249496459960938,
      -14.764472961425781,
      -23.33279037475586,
      -9.197227478027344,
      -16.134929656982422,
      -59.97669219970703,
      -11.155292510986328,
      -24.726064682006836,
      -51.76130676269531,
      -2.3961331844329834,
      -22.328128814697266,
      -49.95124816894531,
      -23.425086975097656,
      -2.15254807472229,
      -35.49272155761719,
      -6.637114524841309,
      -42.0429573059082,
      -23.124719619750977,
      -39.04555892944336,
      -13.31309700012207,
      -29.91004180908203,
      -2.3152103424072266,
      -71.37821197509766,
      -8.50540828704834
    ],